match_id,actual_sum_fantasy_points,predicted_sum_fantasy_points,error,percentage_error
1276907,336,718.8192270617401,382.8192270617401,113.93429376837503
1276908,1102,944.7299593119227,-157.2700406880773,14.271328556086871
1276909,1105,864.3475526929944,-240.65244730700556,21.778502018733533
1276910,1182,886.5876221294224,-295.41237787057764,24.992586960285756
1276911,955,874.0704586579933,-80.9295413420067,8.474297522723214
1276912,253,854.6502999840328,601.6502999840328,237.80644268143593
1297935,782,662.0999238019673,-119.9000761980327,15.332490562408275
1297936,969,546.5785673333957,-422.42143266660435,43.59354310284875
1297937,984,710.0299321112543,-273.9700678887457,27.84248657405952
1297938,1061,721.7968763300324,-339.20312366996757,31.970134181900807
1297939,991,759.4455184785492,-231.55448152145084,23.365739810439035
1297940,1187,694.5024914629748,-492.49750853702517,41.49094427439134
1297941,1050,746.0293041474131,-303.9706958525869,28.949590081198757
1297942,1017,745.3355404075263,-271.6644595924737,26.712336243114425
1297947,924,719.6708049215054,-204.32919507849465,22.113549250919334
1297948,1061,601.7144993035199,-459.2855006964801,43.287983100516506
1297949,1006,734.5137461239681,-271.4862538760319,26.986705156663216
1297950,1138,653.2482435871325,-484.7517564128675,42.596815150515596
1297951,916,585.98184105321,-330.01815894679,36.028183291134276
1297952,922,668.4785112231955,-253.52148877680452,27.496907676443005
1297953,1007,689.4279161719184,-317.57208382808165,31.536453210335814
1297954,1068,674.1217409724953,-393.87825902750467,36.879986800328155
1297955,695,705.8140267360756,10.814026736075562,1.5559750699389296
1297956,939,713.7369866928989,-225.26301330710112,23.989671278711512
1297957,626,728.9893536542834,102.98935365428338,16.451973427201818
1297958,1034,745.0052165714117,-288.99478342858833,27.949205360598484
1297960,1098,545.2998493721502,-552.7001506278498,50.33699003896628
1297961,932,558.0146283709004,-373.98537162909963,40.1271857971137
1297962,1247,763.7934691051838,-483.2065308948162,38.74952132275992
1297963,1328,609.1099168990623,-718.8900831009377,54.13328939013085
1297964,776,617.4541912172989,-158.5458087827011,20.431160925605813
1297965,1219,785.7817887223644,-433.21821127763565,35.53881962901031
1297966,1370,767.7986605634535,-602.2013394365465,43.95630214865303
1297967,616,753.8518944203944,137.8518944203944,22.37855428902506
1297968,922,683.1167115472131,-238.88328845278693,25.909250374488824
1297969,1089,696.862310715256,-392.13768928474406,36.00897054956327
1297970,1090,666.3943725517952,-423.6056274482048,38.862901600752735
1297971,1415,682.9611882773374,-732.0388117226626,51.73419164117756
1297972,1000,849.2868533457213,-150.71314665427872,15.07131466542787
1297973,915,724.9678967793875,-190.0321032206125,20.76853587110519
1297974,1221,763.3014025252747,-457.69859747472526,37.48555261873261
1297975,884,719.036534351879,-164.96346564812097,18.66102552580554
1297976,1375,770.6902912783437,-604.3097087216563,43.94979699793864
1297977,1140,755.7731567081321,-384.2268432918679,33.70410906069017
1297978,683,785.0760621174371,102.07606211743712,14.945250676052288
1297979,1011,801.8748452638642,-209.12515473613576,20.68498068606684
1297980,1048,728.1618848333367,-319.83811516666333,30.518904118956424
1297981,1102,784.5772980738981,-317.4227019261019,28.804237924328667
1297982,1181,689.3100211729586,-491.6899788270414,41.633359765202485
1297983,937,786.2108787279092,-150.78912127209082,16.092755738750355
1297984,1260,798.4056034095697,-461.5943965904303,36.63447591987542
1297985,1420,655.600261802641,-764.399738197359,53.830967478687256
1297986,1200,836.6974753239612,-363.30252467603884,30.275210389669905
1297987,1045,756.2370858401873,-288.7629141598127,27.632814752135186
1297988,1391,828.0656066026784,-562.9343933973216,40.46976228593254
1297989,1194,705.2229443027218,-488.77705569727823,40.93610181719248
1297990,1001,818.1973966407614,-182.80260335923856,18.26199833758627
1297991,1482,840.8968301836309,-641.1031698163691,43.259323199485095
1297992,1115,746.779490405455,-368.220509594545,33.024260950183404
1297993,1347,749.5945836029392,-597.4054163970608,44.35081042294438
1297994,993,728.3629440596231,-264.63705594037685,26.650257395808342
1297995,954,828.7272631322969,-125.27273686770309,13.131314137075794
1297996,1163,806.4374531138392,-356.5625468861608,30.65886043733111
1297997,1115,824.4696333848735,-290.53036661512647,26.056535122432866
1297998,1265,806.8826036999452,-458.1173963000548,36.21481393676322
1297999,1158,692.5979395356687,-465.40206046433127,40.190160661859345
1298000,1308,707.9846460041939,-600.0153539958061,45.8727334859179
1298002,976,852.2105601601805,-123.78943983981947,12.683344245883141
1298003,844,788.6174864209233,-55.38251357907666,6.561909191833728
1298004,767,745.635383550095,-21.364616449905043,2.785478024759458
1298005,1076,834.0888846028186,-241.91111539718145,22.482445668883035
1298006,849,812.6939059513716,-36.30609404862844,4.276336165916188
1298007,801,671.3403150728574,-129.65968492714262,16.187226582664497
1298008,1140,893.1056446622546,-246.89435533774542,21.6573995910303
1298009,887,803.5519182585815,-83.44808174141849,9.407900985503776
1298010,1132,761.5479648186232,-370.4520351813768,32.72544480400855
1298011,1176,720.5194183578642,-455.4805816421358,38.73134197637209
1298012,1147,861.1914369886083,-285.8085630113917,24.91792179698271
1298013,1162,721.4693403626442,-440.5306596373558,37.91141649202718
1298014,1195,776.2353251317314,-418.76467486826857,35.043069026633354
1298015,1007,825.1699183333064,-181.83008166669356,18.056611883484962
1298016,1091,785.4330848661348,-305.5669151338652,28.007966556724583
1298017,813,756.9445765040017,-56.0554234959983,6.894886038868179
1298018,1045,851.538997684577,-193.461002315423,18.513014575638564
1298019,1068,875.0497385577071,-192.9502614422929,18.066503880364504
1298020,1093,784.9706075119433,-308.0293924880567,28.182012121505647
1298021,1240,776.8224589800535,-463.1775410199465,37.35302750160859
1298022,993,792.9122191121982,-200.08778088780184,20.149826876918613
1298023,972,802.4311991959185,-169.56880080408155,17.445349876963125
1298024,818,834.9731733362822,16.97317333628223,2.0749600655601745
1298025,1222,890.665819018144,-331.334180981856,27.114090096714893
1298026,1060,682.0164998184649,-377.9835001815351,35.65882077184293
1298027,1249,814.3354383104399,-434.66456168956006,34.801005739756604
1298028,1282,791.694217486221,-490.30578251377904,38.245380851308816
1298029,1319,812.6873798911976,-506.31262010880243,38.386097051463416
1298030,1304,786.9993503915169,-517.0006496084831,39.64728908040514
1298031,1216,819.3877491388843,-396.61225086111574,32.6161390510786
1298032,1230,848.6966050685575,-381.30339493144254,31.000276010686385
1301329,1143,782.4357080577358,-360.56429194226416,31.545432365902375
1301330,1278,774.020625693237,-503.979374306763,39.43500581430071
1301337,848,847.949543590404,-0.050456409595994955,0.0059500483014145
1301338,1136,796.9463205682373,-339.0536794317627,29.846274597866433
1301339,1005,791.3945996549512,-213.6054003450488,21.25426869104963
1303310,990,772.7443501434392,-217.2556498565608,21.945015137026346
1303311,1319,787.6123656798704,-531.3876343201296,40.28715953905455
1307479,1184,700.3095090722228,-483.6904909277772,40.85223740944065
1308233,1009,612.4188071784511,-396.58119282154894,39.30437986338443
1308234,758,686.3394705284559,-71.66052947154412,9.453895708646982
1308235,1028,652.8384709238522,-375.16152907614776,36.494312166940446
1311737,1152,746.3064083609913,-405.6935916390087,35.21645760755284
1311738,872,788.557691775994,-83.44230822400596,9.56907204403738
1311739,1094,677.4241765399662,-416.5758234600338,38.07822883546927
1317153,595,724.2344038424341,129.23440384243406,21.720067872677994
1317154,971,765.5767854965706,-205.42321450342945,21.155840834544744
1317476,942,785.4197441495272,-156.58025585047278,16.62210783975295
1317477,610,868.8463718626672,258.8463718626672,42.43383145289626
1317478,888,769.2021166096964,-118.79788339030358,13.378140021430585
1317479,1087,835.1721828588468,-251.82781714115322,23.16723248768659
1317480,976,859.0860699812438,-116.91393001875622,11.978886272413547
1317481,1061,780.1944700971662,-280.80552990283377,26.466119689239754
1317489,1085,854.8386399530438,-230.16136004695625,21.213028575756336
1317490,1180,842.8024901870092,-337.1975098129908,28.57606015364329
1317491,1075,937.6769300573866,-137.32306994261342,12.774239064429155
1317900,1110,684.9836647658925,-425.0163352341075,38.289759931000674
1317901,1164,687.0764333387017,-476.9235666612983,40.97281500526618
1317902,843,767.4508292464886,-75.54917075351136,8.961941963643104
1317911,933,745.148089182401,-187.851910817599,20.13418122375123
1317912,1071,786.2247826409456,-284.7752173590544,26.5896561493048
1317913,1166,825.3481087947512,-340.65189120524883,29.215428062199727
1322032,831,749.3782737645994,-81.62172623540062,9.82210905359815
1322033,967,745.8139105567521,-221.18608944324785,22.873432207161102
1322034,1009,701.8219228628618,-307.1780771371382,30.44381339317524
1322035,696,656.4348423398834,-39.5651576601166,5.684649089097213
1322036,1179,691.6447939152179,-487.35520608478214,41.336319430431054
1322037,1076,719.5452797235508,-356.45472027644917,33.12776210747669
1322038,1100,786.9163691903758,-313.0836308096242,28.462148255420384
1322039,1082,747.724115674879,-334.27588432512096,30.894259179770884
1322041,1054,773.271623985113,-280.728376014887,26.63457077940104
1322278,1078,768.9415482165656,-309.0584517834344,28.6696151932685
1322279,123,785.9481109739274,662.9481109739274,538.9822040438435
1322280,730,740.8161765550014,10.816176555001448,1.481668021233075
1322341,662,505.3888608632518,-156.6111391367482,23.657271772922687
1322342,380,601.0205752145171,221.02057521451707,58.16330926697818
1322343,204,594.3618932535368,390.3618932535368,191.35386924192977
1322359,1054,699.3109342341128,-354.6890657658872,33.65171401953389
1322361,810,780.772586099517,-29.227413900483043,3.6083227037633385
1323292,985,724.7976018074838,-260.20239819251617,26.41648712614377
1323293,1105,643.5822227328358,-461.4177772671642,41.75726491105558
1323294,1012,661.7590854023397,-350.2409145976603,34.608786027436786
1325549,723,794.6206944991278,71.62069449912781,9.9060434991878
1325550,795,794.3679488221264,-0.6320511778735636,0.07950329281428473
1325551,1246,835.8472026339182,-410.1527973660818,32.91755998122647
1326338,1051,505.71613175131404,-545.283868248686,51.88238518065518
1326340,1066,399.80894081145897,-666.191059188541,62.49447084320272
1326341,799,533.6914331740688,-265.30856682593117,33.205077199741076
1326342,931,542.5917317454978,-388.4082682545022,41.71947027438262
1326343,1061,671.1265371675405,-389.8734628324595,36.7458494658303
1326344,910,592.168917224179,-317.83108277582096,34.92649261272758
1326346,1194,654.5912113888007,-539.4087886111993,45.17661546157448
1326347,1011,638.2428832040034,-372.7571167959966,36.87014013808077
1326348,767,524.0592322476039,-242.94076775239614,31.674154856896497
1326349,987,660.7409513991199,-326.2590486008801,33.05562802440527
1326350,935,649.6243755779036,-285.3756244220964,30.521457157443464
1326351,668,538.1227488347287,-129.87725116527133,19.4427022702502
1326857,1050,363.3526528479398,-686.6473471520602,65.39498544305336
1326859,944,610.5315923130353,-333.4684076869647,35.325043187178466
1326860,614,581.3317923781344,-32.66820762186558,5.320554987274524
1326863,1187,596.1544299395194,-590.8455700604806,49.77637489978775
1326864,915,661.9598967496877,-253.0401032503123,27.654656092930306
1326865,875,719.0698228534677,-155.9301771465323,17.820591673889403
1326867,833,604.9524652553935,-228.04753474460654,27.376654831285297
1326869,1110,685.4497140714434,-424.5502859285566,38.24777350707717
1326870,894,659.3074976715864,-234.69250232841364,26.251957754856107
1327509,947,702.3738773263447,-244.62612267365535,25.831691940195917
1327510,994,703.7601175601122,-290.23988243988777,29.199183344053093
1327511,656,779.4371678459778,123.4371678459778,18.816641439935637
1328485,652,458.14293847481207,-193.85706152518793,29.732678148034957
1328486,1003,511.7849406856026,-491.2150593143974,48.97458218488509
1328487,793,559.0793441563793,-233.9206558436207,29.498191153041702
1331365,1119,763.2272778389564,-355.7727221610436,31.793808950942232
1331366,1030,720.2953900862199,-309.70460991378013,30.068408729493218
1331367,925,725.420762814741,-199.579237185259,21.576133749757727
1331368,891,659.4954880459471,-231.50451195405287,25.98254904085891
1331369,908,721.5998474447673,-186.4001525552327,20.52865116247056
1331370,890,722.8070500217111,-167.19294997828888,18.785724716661672
1334412,736,637.6341213292699,-98.36587867073013,13.364929167218767
1334413,910,604.7258523762275,-305.2741476237725,33.54660962898598
1334414,829,609.9796920963855,-219.02030790361448,26.41982001249873
1336052,992,900.934964386558,-91.06503561344198,9.179943106193749
1336053,946,890.2719689155427,-55.72803108445726,5.890912376792522
1336054,1315,852.8069248737231,-462.1930751262769,35.14776236701726
1336055,1171,892.9308128978176,-278.06918710218235,23.746301204285427
1336077,1091,848.2740939822891,-242.72590601771094,22.24802071656379
1336078,1123,900.879308739152,-222.12069126084805,19.779224511206415
1336079,1159,908.457303599261,-250.54269640073903,21.617143779183696
1336083,647,730.1474000363592,83.14740003635916,12.85122102571239
1336084,378,699.2061184463167,321.20611844631674,84.9751636101367
1336085,1030,636.3977499831536,-393.60225001684637,38.21381068124722
1336129,1298,779.7574089177778,-518.2425910822222,39.9262396827598
1336130,485,837.4680150057839,352.46801500578385,72.67381752696575
1339595,1231,800.0473330666033,-430.9526669333967,35.00834012456512
1339596,1205,809.949939890983,-395.05006010901695,32.78423735344539
1339597,1335,820.4918233651456,-514.5081766348544,38.539938324708196
1339602,1322,679.4230687563507,-642.5769312436493,48.60642445110812
1339603,1091,788.5749686248023,-302.4250313751977,27.71998454401445
1339607,823,793.2451745324016,-29.75482546759838,3.6154101418710063
1339608,1283,794.0290528787095,-488.97094712129046,38.11153134226738
1339611,1058,699.2209474811849,-358.7790525188151,33.9110635651054
1339612,1128,772.4298611812023,-355.57013881879766,31.522175427198373
1339613,1134,844.2490450100596,-289.7509549899404,25.551230598760178
1339619,1075,746.6625934023604,-328.33740659763964,30.543014567222293
1339620,1072,721.0551672363281,-350.9448327636719,32.737391116014166
1339621,1109,762.1470944664102,-346.8529055335898,31.276186251901695
1339622,1157,775.3757489667775,-381.62425103322255,32.983945638135054
1339623,1279,852.0332414532951,-426.9667585467049,33.38285836956254
1340845,1043,698.5358095677026,-344.4641904322974,33.026288632051525
1340846,1161,733.9643088351154,-427.0356911648846,36.78171327862916
1340847,1306,773.446587043969,-532.553412956031,40.77744356478033
1341969,613,732.6148670194226,119.6148670194226,19.513028877556707
1341970,1039,726.2457488605498,-312.75425113945016,30.101467867127063
1341971,794,682.6911133179145,-111.30888668208547,14.0187514712954
1341972,1122,697.055411403704,-424.94458859629594,37.87384925100677
1341973,1094,701.8650058936155,-392.1349941063845,35.844149369870614
1341974,863,725.2790858332498,-137.72091416675016,15.958390981083447
1341975,960,655.2395544666346,-304.76044553336544,31.745879743058904
1341976,544,630.0190307215943,86.01903072159428,15.812321823822478
1341977,833,600.9097827876543,-232.0902172123457,27.861970853823014
1341978,1057,678.1057683660065,-378.8942316339935,35.84619031542039
1341979,1089,674.9779165383545,-414.0220834616455,38.018556791702984
1341980,644,659.1745229462363,15.174522946236266,2.356292382955942
1343683,964,572.8626541674606,-391.1373458325394,40.574413468105746
1343684,978,585.5425483737305,-392.4574516262695,40.128573785917126
1343685,770,613.1645402377277,-156.8354597622723,20.368241527567832
1343830,886,487.8008568290911,-398.1991431709089,44.943469883849765
1343831,890,574.3672153568449,-315.6327846431551,35.464357825073606
1343832,816,566.2245234272335,-249.77547657276648,30.609739776074324
1343833,1056,592.4877396483719,-463.51226035162813,43.89320647269206
1343834,872,547.6445773090413,-324.3554226909587,37.1967227856604
1343836,1000,606.4078930833134,-393.5921069166866,39.359210691668665
1343837,719,750.2647474825519,31.26474748255191,4.348365435681767
1343838,1015,616.8964782465465,-398.1035217534535,39.222021847630884
1343839,668,626.7685760372909,-41.23142396270907,6.172368856692975
1343840,758,650.8616638332649,-107.13833616673514,14.13434514073023
1343842,958,544.9104903346397,-413.0895096653603,43.1199905704969
1343844,883,673.2525407608509,-209.74745923914907,23.75395914373149
1343931,1041,726.6986037938185,-314.3013962061815,30.19225708032483
1343932,1038,750.2279614459773,-287.77203855402274,27.723703136225698
1343933,985,759.7925179604252,-225.20748203957476,22.86370376036292
1344503,973,553.4142309384439,-419.5857690615561,43.122895073130124
1344504,943,595.455357051164,-347.544642948836,36.85521134133998
1344505,1031,584.0616800336769,-446.9383199663231,43.34998253795568
1344506,697,553.2347951207356,-143.7652048792644,20.626284774643384
1345092,644,727.5394964319061,83.53949643190606,12.971971495637588
1345093,553,754.5346602051467,201.53466020514668,36.443880688091625
1345094,1133,685.5114799320704,-447.4885200679296,39.49589762294171
1347403,1051,689.407968616727,-361.592031383273,34.40457006501171
1347404,1089,751.35167478358,-337.64832521641995,31.00535585091092
1347405,1064,654.7286256553838,-409.2713743446162,38.465354731636864
1347406,1001,769.7165060774252,-231.28349392257485,23.105244148109374
1347407,741,724.1828894042001,-16.81711059579993,2.2695155999730003
1347408,895,739.821983445262,-155.17801655473795,17.33832587203776
1347409,883,812.061377883094,-70.938622116906,8.033819039287202
1347410,968,757.6583751907184,-210.3416248092816,21.72950669517372
1347412,859,719.7677219934934,-139.2322780065066,16.208647032189358
1347413,840,669.684193871688,-170.31580612831203,20.275691205751436
1347414,982,776.9323697707006,-205.06763022929943,20.882650736181205
1347415,854,713.7962722308354,-140.20372776916463,16.417298333625833
1347416,1129,728.5625196783952,-400.43748032160477,35.46833306657261
1347417,642,725.2930272720795,83.29302727207948,12.973991786928268
1347419,123,706.6449408114105,583.6449408114105,474.5080819604963
1347420,961,686.1528015672113,-274.8471984327887,28.600124706845854
1347421,825,702.0807409361088,-122.91925906389122,14.899304128956512
1347422,518,766.1492280327363,248.14922803273635,47.905256376976126
1347423,1029,670.1695122868889,-358.8304877131111,34.87176751342187
1347424,1114,653.5590854963912,-460.44091450360884,41.33221853712826
1347425,1125,470.2974101473019,-654.7025898526981,58.195785764684274
1347426,822,460.62879282745,-361.37120717255,43.962433962597316
1347427,751,606.5169020924639,-144.48309790753615,19.238761372508144
1347428,1107,703.6512455709634,-403.3487544290366,36.43620184544143
1347429,1074,606.4366746635261,-467.5633253364739,43.534760273414705
1347431,1074,676.9688050343537,-397.03119496564625,36.96752280871939
1347432,983,689.9642900421005,-293.0357099578995,29.810346892970447
1347433,747,711.7577805861624,-35.242219413837574,4.717833924208511
1347434,714,710.4096399254356,-3.590360074564387,0.502851551059438
1347435,867,683.5423860034578,-183.45761399654225,21.160047750466234
1347437,904,742.6972478232409,-161.3027521767591,17.843224798314058
1347438,236,670.0291479585358,434.02914795853576,183.9106559146338
1347441,321,707.3567691820977,386.35676918209765,120.36036423118306
1347442,730,684.3420395204039,-45.65796047959611,6.254515134191248
1347443,774,619.5204618615985,-154.4795381384015,19.958596658708203
1347444,885,753.1406987629791,-131.85930123702087,14.89935607197976
1347445,770,645.860627243513,-124.13937275648698,16.121996461881423
1347446,957,608.6706267588902,-348.3293732411098,36.39805363021001
1347447,1115,643.8213861568267,-471.17861384317325,42.258171645127646
1347448,1070,643.8982963307278,-426.1017036692722,39.822589127969366
1347449,965,729.6713074312772,-235.32869256872277,24.38639301230288
1347450,901,587.8878577825651,-313.1121422174349,34.751625107373464
1347451,1105,650.4799553787578,-454.52004462124216,41.13303571232961
1347452,970,667.2909815923888,-302.7090184076112,31.207115299753735
1347453,1110,767.272451156508,-342.72754884349195,30.87635575166594
1347454,855,644.4417653403523,-210.55823465964772,24.6266941122395
1347455,972,718.0295121395845,-253.97048786041546,26.128651014446035
1347456,933,611.1296132104147,-321.87038678958527,34.49843373950539
1347457,1074,743.7210948462651,-330.27890515373485,30.752225805748125
1347458,592,700.9101334042152,108.91013340421523,18.396981993955276
1347459,565,754.5099312423083,189.5099312423083,33.54158075085103
1347460,862,760.34021997504,-101.65978002496001,11.793477961132252
1347491,1041,725.5276106975986,-315.47238930240144,30.30474440945259
1347492,1178,748.6560293545768,-429.34397064542316,36.44685659129229
1347493,867,665.2053927392907,-201.7946072607093,23.275041206540866
1347494,1318,740.8776042520802,-577.1223957479198,43.78773867586644
1347495,614,554.0836494187948,-59.916350581205165,9.75836328684123
1347496,1300,822.3767237524748,-477.62327624752515,36.7402520190404
1347498,981,732.6133602573811,-248.38663974261885,25.31973901555748
1347499,1188,795.7960613952264,-392.2039386047736,33.013799545856365
1347500,923,740.3611102607979,-182.6388897392021,19.787528682470434
1347501,1469,752.0138835952602,-716.9861164047398,48.80776830529203
1347502,1029,791.9759169264745,-237.0240830735255,23.034410405590428
1347505,1201,799.2728105556025,-401.7271894443975,33.449391294287885
1347506,1016,819.3743838925831,-196.62561610741693,19.352914971202452
1347507,1098,807.0500822121045,-290.9499177878955,26.49817101893402
1347508,1059,720.9392930376955,-338.0607069623045,31.92263521834792
1347509,644,887.7733794535167,243.77337945351667,37.85300923191252
1347510,1032,779.9203485176008,-252.07965148239919,24.426322818061937
1347512,956,860.1578038241993,-95.84219617580072,10.025334328012628
1347513,1123,735.2745834137083,-387.72541658629166,34.52586078239462
1347514,1415,830.8851153152806,-584.1148846847194,41.280203864644484
1347515,1062,865.9338439292316,-196.06615607076844,18.46197326466746
1347516,1340,695.3569271223035,-644.6430728776965,48.10769200579824
1347517,1287,818.5096415629447,-468.4903584370553,36.40173725229645
1347518,1397,775.8038958589474,-621.1961041410526,44.466435514749655
1347519,1214,759.1055777469473,-454.89442225305265,37.470710235012575
1347520,1333,799.9046309216719,-533.0953690783281,39.99215071855424
1347521,1251,790.9236645339727,-460.07633546602733,36.776685488891076
1347522,1158,814.3014679895258,-343.6985320104742,29.68035682301159
1347523,1078,826.9382259289374,-251.0617740710626,23.28958943145293
1347524,1218,861.2687401673943,-356.7312598326057,29.288280774433968
1347525,623,848.5800449773916,225.5800449773916,36.20867495624263
1347526,934,843.75638444207,-90.24361555792996,9.66205734024946
1347527,1108,849.3088161767752,-258.69118382322483,23.347579767439065
1347528,1006,748.5237343779427,-257.4762656220573,25.594062189071305
1347529,1294,874.113144474385,-419.88685552561503,32.448752359011976
1347530,1130,910.9616698931193,-219.03833010688072,19.383923018308028
1347531,1115,708.5878868186353,-406.4121131813647,36.44951687725244
1347532,1042,847.2613663645511,-194.73863363544888,18.688928371924078
1347533,1139,774.3067941151081,-364.6932058848919,32.01871869050851
1347534,1341,866.0080761951584,-474.9919238048416,35.420725115946425
1347535,1086,857.4214181684512,-228.57858183154883,21.047751549866376
1347536,1188,710.1490990691325,-477.8509009308675,40.22313980899558
1347537,981,872.6025050719714,-108.39749492802855,11.049693672581911
1347538,1013,806.2809997255716,-206.71900027442837,20.406614044859662
1347539,689,744.7266348460771,55.726634846077104,8.088045696092468
1347540,839,777.1742238940112,-61.82577610598878,7.368984041238233
1347541,1134,828.3194961915019,-305.6805038084981,26.955952716798777
1347542,998,754.9875297373554,-243.01247026264457,24.349946920104667
1347543,534,820.6141923346232,286.6141923346232,53.673069725584874
1347544,1165,863.3630885518473,-301.63691144815266,25.891580381815675
1347545,1046,780.6438419288835,-265.3561580711165,25.368657559380164
1347546,893,885.1487199660048,-7.851280033995181,0.8792026913768399
1347547,1333,857.2752425336189,-475.7247574663811,35.68827887969851
1347548,796,710.196202516663,-85.80379748333701,10.77937154313279
1347549,1183,792.8630992194396,-390.1369007805604,32.97860530689437
1347550,880,705.1852841397205,-174.81471586027953,19.86530862048631
1347551,1211,841.8959939563365,-369.1040060436635,30.47927382689211
1347552,916,767.6704434018012,-148.3295565981988,16.19318303473786
1347553,1136,907.0478218138427,-228.9521781861573,20.15424103751385
1347554,853,760.9781271001192,-92.0218728998808,10.788027303620257
1347555,1277,854.0068583293167,-422.99314167068326,33.12397350592665
1347556,808,814.7214211496473,6.721421149647313,0.8318590531741724
1347557,1181,770.9319447386818,-410.06805526131825,34.72210459452314
1347558,1080,746.8693796070808,-333.13062039291924,30.845427814159187
1347559,1176,884.0745150438086,-291.92548495619144,24.82359565954009
1347560,1147,710.2058718409385,-436.79412815906153,38.08144099032795
1347561,1182,814.4036347512738,-367.5963652487262,31.099523286694264
1347562,1007,863.079933312952,-143.920066687048,14.291962928207349
1347563,750,876.3938840534554,126.3938840534554,16.852517873794053
1347564,1246,904.0454366078014,-341.95456339219857,27.444186468073724
1347565,573,921.8176273521318,348.8176273521318,60.87567667576471
1347566,748,898.7415528063292,150.7415528063292,20.15261401154134
1347567,1066,848.8176841219329,-217.18231587806713,20.373575598317743
1348326,941,802.0867124269786,-138.91328757302142,14.76230473677167
1348327,1145,808.1305242673025,-336.86947573269754,29.420914911152625
1348328,96,812.6340291493495,716.6340291493495,746.4937803639058
1348643,1324,752.8216247806009,-571.1783752193991,43.14036066611776
1348644,1024,790.89448683691,-233.10551316309,22.764210269833008
1348645,979,869.2467262410923,-109.75327375890765,11.210753192942558
1348646,1389,763.9465608773979,-625.0534391226021,45.00024759701959
1348647,653,807.7035554774583,154.70355547745828,23.691202982765432
1348648,1435,764.5999420618278,-670.4000579381722,46.717774072346494
1348656,936,853.8517492199635,-82.1482507800365,8.77652251923467
1348657,619,821.0527595242122,202.0527595242122,32.641802831052054
1348658,1226,794.530050945261,-431.469949054739,35.193307426977086
1351397,1032,897.9683440049523,-134.0316559950477,12.987563565411598
1351398,1141,935.3129565441692,-205.6870434558308,18.02691003118587
1351399,1148,899.3601974725598,-248.63980252744022,21.658519383923363
1355717,1154,781.131654670744,-372.86834532925604,32.31094846873969
1355718,599,828.377991483236,229.37799148323597,38.29348772675058
1355719,553,848.0014049014875,295.0014049014875,53.345642839328654
1358073,1312,710.81920272046,-601.18079727954,45.82170710972104
1358074,693,723.5774460366847,30.577446036684705,4.412329875423478
1358075,1122,711.0993334727672,-410.90066652723283,36.62216279208849
1358076,1041,744.1396890081792,-296.8603109918208,28.51684063322006
1358077,1115,630.7789867694728,-484.2210132305272,43.42789356327598
1358078,1057,757.6980471781836,-299.30195282181637,28.31617339846891
1358079,842,711.2471466631916,-130.75285333680836,15.528842439050875
1358080,749,646.86551507469,-102.13448492530995,13.636112807117485
1358082,1090,606.9967290987415,-483.0032709012585,44.31222668818885
1358083,941,736.0026953239754,-204.99730467602456,21.785048318387307
1358084,877,735.2547645844203,-141.7452354155797,16.16251259014592
1358085,685,744.6288165610486,59.62881656104855,8.704936724240664
1358086,1051,697.6100091781858,-353.3899908218142,33.624166586281085
1358087,1248,749.4526226558328,-498.5473773441672,39.94770651796212
1358088,1134,693.4311110327759,-440.5688889672241,38.850872042965094
1358089,1051,749.7037736404343,-301.2962263595657,28.667576247342126
1358090,601,757.4206151409934,156.4206151409934,26.02672464908376
1358091,909,631.199502571065,-277.80049742893505,30.56111082826568
1358092,1087,709.2954250801846,-377.7045749198154,34.7474309953832
1362379,1077,732.8273769862207,-344.17262301377934,31.95660380815036
1362380,1280,747.4096380125775,-532.5903619874225,41.608622030267384
1362381,911,820.1208492757927,-90.8791507242073,9.975757488936038
1364124,747,776.5843975134661,29.584397513466115,3.9604280473180875
1364125,1202,768.8003387618916,-433.19966123810843,36.03990526107391
1365092,1054,674.107041597807,-379.892958402193,36.04297518047372
1365093,1093,700.6004153448439,-392.3995846551561,35.90115138656506
1365095,1004,680.116075113554,-323.88392488644604,32.25935506837112
1365097,872,681.6596863340014,-190.34031366599856,21.828017622247543
1365098,1061,704.7977414126894,-356.20225858731055,33.572314664214005
1365099,1032,770.3395250078222,-261.6604749921778,25.354697189164515
1365100,1079,764.9020512674126,-314.0979487325874,29.110097194864448
1365101,942,717.803618714733,-224.19638128526697,23.80004047614299
1365102,1077,748.1464485926722,-328.8535514073278,30.53422018638141
1365103,1045,689.7128140168818,-355.2871859831182,33.99877377828882
1365104,1132,759.2521251956688,-372.7478748043312,32.9282574915487
1365105,1140,691.2803864371062,-448.71961356289376,39.36136961078016
1365106,976,689.9585791514392,-286.04142084856085,29.307522627926318
1365552,1207,729.828588299235,-477.171411700765,39.533671226243996
1367985,1208,772.0358019184514,-435.9641980815486,36.08975149681694
1368000,1015,769.2410701671507,-245.75892983284928,24.212702446586135
1368002,705,795.0709560096099,90.07095600960986,12.776022129022675
1368830,919,567.0164576375912,-351.9835423624088,38.300711900153296
1368831,928,548.6587166352322,-379.34128336476783,40.87729346603102
1368832,687,569.0960855577404,-117.90391444225963,17.162141840212463
1368849,363,506.45795091682726,143.45795091682726,39.52009667130228
1368851,842,504.7460317739399,-337.2539682260601,40.05391546627792
1373571,1082,841.7826525183979,-240.21734748160213,22.201233593493725
1373572,1396,763.533897062043,-632.466102937957,45.30559476632929
1373573,1160,849.8029883624405,-310.1970116375595,26.74112169289306
1373574,1295,839.1658543711562,-455.83414562884377,35.19954792500724
1373575,1216,849.3861179225953,-366.6138820774047,30.149167933997095
1373576,1275,791.2201305164602,-483.77986948353976,37.94351917517959
1373577,952,788.2855158820234,-163.71448411797655,17.196899592224426
1373578,934,775.1378622714693,-158.86213772853068,17.00879418935018
1375525,766,417.25232217965004,-348.74767782034996,45.528417470019576
1375526,1273,557.1233189099173,-715.8766810900827,56.23540307070564
1375527,1159,636.5425429454654,-522.4574570545346,45.07829655345424
1375528,1075,716.7360360899377,-358.26396391006233,33.32688036372673
1375529,899,574.812186649745,-324.18781335025506,36.0609358565356
1375530,1073,635.5269061039238,-437.4730938960762,40.77102459422891
1375531,1308,637.6050536286866,-670.3949463713134,51.253436266919984
1375532,1272,686.730777355065,-585.269222644935,46.01173134001061
1375533,717,617.3192847031984,-99.68071529680162,13.902470752691997
1375534,1091,734.1508097248584,-356.8491902751416,32.70845007104873
1375535,1290,741.5202274509254,-548.4797725490746,42.51781182550966
1375536,671,762.1089179543801,91.1089179543801,13.578080172038764
1375847,919,702.8702420329836,-216.12975796701642,23.51792796159047
1375848,1117,683.1704408979434,-433.8295591020566,38.838814601795576
1375849,573,653.6095985651048,80.60959856510476,14.067992768779192
1375866,566,754.6066310089736,188.60663100897364,33.32272632667379
1375867,368,718.274953368198,350.274953368198,95.18341124135816
1375868,623,682.8773745600886,59.87737456008858,9.61113556341711
1375872,631,744.3605734647635,113.36057346476355,17.965225588710545
1375873,928,715.1876019313354,-212.8123980686646,22.932370481537134
1375874,1062,737.4815109525142,-324.5184890474858,30.55729652047889
1377005,889,636.5210436645219,-252.47895633547807,28.40033254617301
1377006,1166,580.2640808596285,-585.7359191403715,50.23464143570939
1377007,906,605.0095251603334,-300.9904748396666,33.22190671519499
1377746,1013,750.6241546263724,-262.3758453736276,25.90087318594547
1377747,1207,764.9550473401804,-442.0449526598196,36.623442639587374
1377748,1102,691.4416794696464,-410.5583205303536,37.25574596464189
1377749,1058,811.0423583739164,-246.9576416260836,23.341932100764044
1377750,1062,768.5026109400811,-293.4973890599189,27.636288988692925
1377751,940,729.8582053159872,-210.14179468401278,22.355510072767316
1377752,1244,786.9352356297896,-457.06476437021036,36.74154054422913
1377753,940,725.8001029367846,-214.19989706321542,22.787223091831425
1377754,1236,827.4531479703148,-408.54685202968517,33.05395242958618
1377755,890,818.5393074241598,-71.4606925758402,8.029291300656203
1377756,555,733.8511119527531,178.85111195275306,32.22542557707263
1377757,1108,755.9093555774543,-352.09064442254567,31.777133973153944
1377758,510,455.1732953346905,-54.82670466530948,10.750334248099898
1377759,769,667.4430964729823,-101.55690352701765,13.206359366322193
1377760,1213,766.3734024281035,-446.62659757189647,36.81999979982658
1377761,1285,798.8248289682087,-486.17517103179125,37.83464366006157
1377762,1079,737.8796885261535,-341.1203114738465,31.614486698224887
1377763,1481,793.7743496729307,-687.2256503270693,46.40281231107828
1377764,1082,804.9302710774873,-277.0697289225127,25.6071838190862
1377765,1119,774.2181233614475,-344.7818766385525,30.81160649138092
1377766,1279,817.5885983108859,-461.4114016891141,36.07595009297217
1377767,1044,830.4079727736248,-213.5920272263752,20.45900643930797
1377768,882,779.00976552746,-102.99023447254001,11.67689733248753
1377769,829,822.9632955046272,-6.03670449537276,0.7281911333380893
1377770,736,776.4655822242199,40.46558222421993,5.49804106307336
1377771,937,702.3653403592954,-234.63465964070463,25.041052256211806
1377772,1100,756.1347211872937,-343.86527881270626,31.260479892064208
1377773,1036,819.7179433821343,-216.2820566178657,20.876646391685878
1377774,1173,763.7511387898007,-409.24886121019927,34.88907597699908
1377775,838,739.3201373647312,-98.67986263526882,11.775639932609645
1377776,1111,805.5564886556513,-305.44351134434874,27.49266528752014
1377777,1154,770.9559600305091,-383.0440399694909,33.192724434098
1377778,958,641.0023661353175,-316.9976338646825,33.089523367920926
1377779,1005,735.12685776392,-269.87314223607996,26.853048978714423
1378191,1063,737.5389326978717,-325.4610673021283,30.61722175937237
1378192,200,686.2657826247787,486.2657826247787,243.13289131238935
1378193,856,642.2260620334354,-213.77393796656463,24.973590883944468
1378198,1072,724.4164146361213,-347.5835853638787,32.42384191827227
1378199,799,742.8392269305319,-56.160773069468064,7.0288827371048885
1379757,540,610.821227951889,70.821227951889,13.115042213312778
1379758,1125,576.9345279492258,-548.0654720507742,48.71693084895771
1379759,474,629.2549269555337,155.25492695553373,32.75420399905775
1381214,750,691.1975846445079,-58.802415355492144,7.840322047398953
1381215,880,746.7626898858333,-133.2373101141667,15.140603422064396
1381216,1120,689.6669736708327,-430.3330263291673,38.42259163653279
1382166,840,504.46110745033354,-335.53889254966646,39.94510625591267
1382167,979,587.0600499073086,-391.93995009269145,40.034724217843866
1382168,878,617.6844041718768,-260.31559582812315,29.648701119376213
1382169,963,645.8800752987611,-317.1199247012389,32.93041793366967
1382170,848,643.1830661794199,-204.81693382058006,24.15294030903067
1382171,781,633.4537322246989,-147.5462677753011,18.891967704904108
1384392,1002,839.6295996744063,-162.37040032559366,16.20463077101733
1384393,1202,877.3475894827153,-324.6524105172847,27.009351956512866
1384395,1412,884.2562629452824,-527.7437370547176,37.37561877158056
1384396,896,828.6980932576059,-67.30190674239407,7.51137352035648
1384397,1207,788.9885171993485,-418.0114828006515,34.63226866616831
1384398,1364,807.8829791631318,-556.1170208368682,40.771042583348105
1384399,1252,822.9774467373444,-429.0225532626556,34.266977097656195
1384401,1118,911.1494622520561,-206.85053774794392,18.501837007866182
1384402,965,812.2325087920457,-152.76749120795432,15.830828104451225
1384403,892,821.2521776893818,-70.74782231061818,7.931370214194863
1384405,969,804.3416105824172,-164.65838941758284,16.99260984701577
1384406,1085,866.2054577914629,-218.7945422085371,20.16539559525688
1384408,985,775.4074990720723,-209.59250092792774,21.27842649014495
1384409,1424,878.0961223990722,-545.9038776009278,38.335946460739315
1384410,1041,789.2756330716539,-251.72436692834606,24.181015074769075
1384411,1207,922.5816376522641,-284.41836234773587,23.564073102546466
1384412,1149,817.2581154517,-331.74188454830005,28.872226679573547
1384414,1228,864.4603055889067,-363.53969441109325,29.60420964259717
1384415,1167,822.644217560909,-344.35578243909094,29.507779129313704
1384416,731,847.0949940620216,116.09499406202156,15.881668134339474
1384417,1244,913.8212674486257,-330.1787325513743,26.541698758149064
1384418,1547,850.8811399901631,-696.1188600098369,44.997987072387645
1384419,1040,812.1062546693879,-227.8937453306121,21.91286012794347
1384420,1012,835.2872673089378,-176.71273269106223,17.461732479353977
1384422,935,780.8491226559861,-154.1508773440139,16.486724849627155
1384423,1093,949.856570868153,-143.14342913184703,13.0963796095011
1384424,1056,776.025395176426,-279.97460482357405,26.512746668899055
1384426,959,859.5782350709837,-99.42176492901626,10.367233047864053
1384427,1288,925.0362336441115,-362.96376635588854,28.18041664253793
1384428,969,840.0036802009776,-128.99631979902244,13.312313704749478
1384429,1196,789.142623265303,-406.857376734697,34.01817531226563
1384431,1207,821.3172833176349,-385.68271668236514,31.953829054048477
1384432,895,791.6628362845156,-103.3371637154844,11.546051811785967
1384434,974,820.6248067992984,-153.37519320070157,15.74693975366546
1384435,1303,793.8256069948636,-509.1743930051364,39.07708311628061
1384436,1268,793.9986101478582,-474.00138985214176,37.38181307982191
1384437,1358,860.2693120399879,-497.7306879600121,36.65174432695229
1384438,1061,901.8306500315991,-159.16934996840087,15.001823748199893
1384439,1017,910.6049504439167,-106.39504955608334,10.461656790175352
1384542,968,566.0319161526819,-401.9680838473181,41.525628496623774
1384544,878,561.443597009084,-316.556402990916,36.05426002174442
1387600,697,653.5913086627203,-43.40869133727972,6.227932760011438
1387601,896,669.175849117057,-226.82415088294294,25.31519541104274
1387602,1187,710.5610443335643,-476.43895566643573,40.13807545631304
1388199,1117,692.17808768393,-424.82191231607,38.032400386398386
1388200,1067,656.7998221050267,-410.2001778949733,38.44425284863855
1388201,1116,692.9213083108885,-423.07869168911145,37.9102770330745
1388207,954,765.7502262039507,-188.24977379604934,19.732680691409783
1388208,1093,768.6114305990939,-324.38856940090614,29.678734620393975
1388209,868,770.9428380314978,-97.05716196850221,11.181700687615463
1388211,1072,670.2923400813063,-401.7076599186937,37.4727294700274
1388212,613,751.4850694995193,138.48506949951934,22.59136533434247
1388392,1007,846.2036022116041,-160.7963977883959,15.967864725759274
1388393,854,709.9211310773801,-144.0788689226199,16.87106193473301
1388394,640,876.1841190306792,236.1841190306792,36.90376859854362
1388398,771,791.157658897026,20.157658897025954,2.6144823472147802
1388401,907,809.0380742381325,-97.96192576186752,10.80065333647933
1388403,1171,810.0387714324091,-360.96122856759087,30.825040868282738
1388406,913,789.0378982780098,-123.96210172199017,13.577448162320938
1388407,1063,783.9940861737476,-279.00591382625237,26.24702858196165
1388410,1010,766.344365998922,-243.65563400107806,24.12432019812654
1388412,1185,611.1235623632759,-573.8764376367241,48.428391361748865
1388414,457,748.6532387777886,291.6532387777886,63.81908944809379
1389388,1151,746.0151453070615,-404.9848546929385,35.18547825307893
1389389,1261,735.7021891767572,-525.2978108232428,41.65724114379404
1389390,1330,772.4755048571435,-557.5244951428565,41.9191349731471
1392348,967,701.6579374636495,-265.34206253635045,27.439716911721867
1392349,976,748.3584312802409,-227.6415687197591,23.323931221286795
1392350,900,730.6062322216206,-169.39376777837936,18.821529753153264
1395700,324,759.1744377109458,435.17443771094577,134.3130980589339
1395701,1154,702.0726508529742,-451.9273491470258,39.16181535069547
1395702,855,678.981800658942,-176.018199341058,20.58692389953895
1398258,830,602.1114089766396,-227.8885910233604,27.456456749802456
1398259,690,640.7603629456212,-49.23963705437882,7.136179283243307
1398260,944,682.4018504968194,-261.5981495031806,27.711668379574217
1398265,541,598.4890588317479,57.48905883174791,10.626443406977433
1398266,934,612.1138931217215,-321.8861068782785,34.46318060795273
1398267,936,614.7635545100305,-321.23644548996947,34.32013306516768
1398271,1039,721.8664180820243,-317.1335819179757,30.522962648505843
1398272,31,736.5572946544856,705.5572946544856,2275.991273078986
1398273,948,729.162006320293,-218.83799367970698,23.084176548492298
1398274,706,770.6012944489069,64.60129444890686,9.15032499276301
1398275,703,720.5708958638104,17.570895863810392,2.4994161968435837
1403683,1002,509.0465916028213,-492.9534083971787,49.19694694582621
1403684,993,583.9421622344892,-409.05783776551084,41.19414277598297
1403685,1137,571.3302456138802,-565.6697543861198,49.75107778242039
1405124,664,557.5523763540683,-106.44762364593169,16.031268621375254
1405125,1077,562.3533144203502,-514.6466855796498,47.78520757471214
1405126,727,612.0051310702719,-114.99486892972811,15.81772612513454
1406078,1057,678.0948482704247,-378.9051517295753,35.84722343704592
1406079,1118,752.6466495377455,-365.3533504622545,32.6791905601301
1406080,1093,749.165591067383,-343.83440893261695,31.45785992064199
1408102,964,663.0718216689313,-300.9281783310687,31.216616009446962
1408106,324,794.2706714132788,470.2706714132788,145.14526895471568
1408107,906,793.8321705976973,-112.16782940230269,12.380555121666962
1408108,848,705.6182862491155,-142.3817137508845,16.790296432887324
1412539,629,547.8658745496851,-81.13412545031485,12.898907066822712
1412540,1063,611.2617058303124,-451.7382941696876,42.49654695857832
1412541,639,679.4876127054839,40.48761270548391,6.336089625271348
1415980,652,538.7699227250672,-113.2300772749328,17.36657626916147
1415981,972,574.2397658531814,-397.76023414681856,40.92183478876734
1415982,954,613.84841026249,-340.15158973751,35.65530290749581
1419827,1065,795.7756512871528,-269.22434871284725,25.27928156928143
1419828,1152,791.0925260157659,-360.9074739842341,31.328773783353657
1419829,1067,827.7916334710563,-239.20836652894366,22.418778493809153
1420220,1159,510.3344833299467,-648.6655166700533,55.96768910009088
1420221,1143,578.353030793165,-564.646969206835,49.40043475125416
1420222,833,656.6708977128108,-176.32910228718924,21.167959458246006
1420529,849,732.389265988987,-116.61073401101305,13.73506878810519
1420530,660,688.7154449583172,28.71544495831722,4.350824993684427
1420531,741,663.1279161153199,-77.87208388468014,10.50905315582728
1420532,1008,731.7269533616167,-276.27304663838333,27.40804034110946
1420533,1038,624.6650000750263,-413.33499992497366,39.820327545758545
1420534,772,755.5461649341731,-16.453835065826866,2.1313257857288685
1421069,964,622.6770157010354,-341.32298429896457,35.40694857873076
1421070,830,790.8929519064734,-39.1070480935266,4.711692541388747
1421071,665,710.1921869223081,45.19218692230811,6.7958175823019715
1421072,984,649.336402208973,-334.663597791027,34.01052823079542
1421073,943,788.7710098336671,-154.2289901663329,16.35514211732056
1425061,816,753.5226296405374,-62.47737035946261,7.656540485228261
1425062,618,726.5252957222073,108.52529572220726,17.56072746314033
1425063,583,704.059079978687,121.05907997868701,20.764850768213897
1426046,816,401.3491265077832,-414.6508734922168,50.815058026006966
1426047,982,426.19346325209244,-555.8065367479076,56.59944366068304
1426081,986,628.1872110967911,-357.8127889032089,36.289329503368045
1426082,1080,666.54782632425,-413.45217367575003,38.282608673680556
1426083,1060,639.4722213619087,-420.52777863809126,39.67243194698974
1427423,821,296.4145089429222,-524.5854910570778,63.89591852095954
1427424,978,499.55327011086433,-478.44672988913567,48.92093352649649
1427425,1023,419.91509553975607,-603.0849044602439,58.95258108115776
1427806,704,688.4299202631813,-15.570079736818684,2.211659053525381
1427807,954,660.0258126623614,-293.97418733763857,30.814904333085803
1427808,1078,734.4689636821294,-343.53103631787064,31.867443072158686
1427809,593,683.9950272252731,90.99502722527313,15.344861252153985
1427810,642,710.0983419655533,68.09834196555335,10.607218374696782
1427811,1205,749.5639464569385,-455.43605354306146,37.79552311560676
1427812,948,679.9795145848657,-268.0204854151343,28.27220310286227
1427813,670,726.9389148583726,56.93891485837264,8.498345501249647
1427814,936,678.620302693648,-257.379697306352,27.497830908798292
1427815,542,650.530380707603,108.53038070760294,20.024055481107556
1427816,1002,744.4644217686903,-257.5355782313097,25.702153516098775
1427817,987,749.898615287089,-237.101384712911,24.02243006209838
1427818,946,618.5780289618733,-327.4219710381267,34.61120201248696
1427819,974,633.0562945021112,-340.9437054978888,35.00448721744238
1427820,951,659.4492785259796,-291.5507214740204,30.65727880904526
1427821,900,709.8953021863832,-190.10469781361678,21.122744201512976
1427822,1019,692.0596320392348,-326.94036796076523,32.08443257711141
1427823,1107,783.9631698070325,-323.0368301929675,29.181285473619468
1427824,889,695.3671100610211,-193.6328899389789,21.780977495948132
1427825,948,705.0412327808589,-242.95876721914112,25.628561942947375
1427826,1235,719.030963545834,-515.969036454166,41.77886934851547
1427827,826,712.6102952574472,-113.3897047425528,13.72756716011535
1427828,1031,665.2081498971386,-365.7918501028614,35.47932590716405
1427829,1186,720.1612995019656,-465.8387004980344,39.278136635584694
1427830,1015,723.4436859174908,-291.5563140825092,28.724760008128982
1427831,1125,697.3506130262427,-427.64938697375726,38.01327884211176
1427832,1112,672.0990220428731,-439.9009779571269,39.5594404637704
1427833,739,745.7287757133344,6.7287757133343575,0.9105244537664895
1429569,964,567.3089883353057,-396.6910116646943,41.1505198822297
1429570,902,636.4056534325351,-265.59434656746487,29.445049508588124
1429571,654,568.6984030329317,-85.30159696706835,13.043057640224518
1429572,1031,712.7293363921183,-318.2706636078817,30.870093463422087
1429573,1081,661.8370153024275,-419.1629846975725,38.77548424584389
1429574,686,657.5270346642811,-28.472965335718868,4.150578037276803
1434287,1018,603.0026850575157,-414.9973149424843,40.76594449336781
1434288,1078,651.0025433695406,-426.9974566304594,39.610153676294935
1434289,788,696.3984211100823,-91.60157888991773,11.624565848974331
1436886,828,659.3912031049771,-168.60879689502292,20.363381267514846
1436887,701,604.1236468700491,-96.87635312995087,13.819736537796128
1436888,917,632.2285253263921,-284.77147467360794,31.05468644205103
